Genero compilado,Frequencia,Porcentagem
Comedy,1808,26.74556213
Drama,1460,21.59763314
Action,1455,21.52366864
Crime,483,7.144970414
Biography,431,6.375739645
Adventure,349,5.162721893
Horror,333,4.926035503
Animation,326,4.822485207
Fantasy,33,0.48816568
Mystery,26,0.384615385
Thriller,15,0.221893491
Romance,11,0.162721893
Sci-Fi,9,0.133136095
Family,8,0.118343195
Western,5,0.073964497
Musical,4,0.059171598
War,2,0.029585799
Film-Noir,1,0.014792899
Music,1,0.014792899
